{"linear_k1_50pct_phi25": {"weighting": "linear", "num_controllers": 1, "max_accumulation": 6000, "cells_controlled": 5995, "pct_controlled": 0.5248642969707582, "controller_locs": [15319], "cells_per_catch": [5995], "phi": 10}, "linear_k2_50pct_phi25": {"weighting": "linear", "num_controllers": 2, "max_accumulation": 3300, "cells_controlled": 6005, "pct_controlled": 0.5257398003852215, "controller_locs": [16679, 15320], "cells_per_catch": [2741, 3264], "phi": 10}, "linear_k3_50pct_phi25": {"weighting": "linear", "num_controllers": 3, "max_accumulation": 2100, "cells_controlled": 6005, "pct_controlled": 0.5257398003852215, "controller_locs": [19750, 16662, 15320], "cells_per_catch": [2054, 1860, 2091], "phi": 10}, "linear_k4_50pct_phi25": {"weighting": "linear", "num_controllers": 4, "max_accumulation": 1625, "cells_controlled": 5601, "pct_controlled": 0.4903694624409035, "controller_locs": [17329, 8665, 20775, 16679], "cells_per_catch": [1591, 1269, 1297, 1444], "phi": 10}, "linear_k5_50pct_phi25": {"weighting": "linear", "num_controllers": 5, "max_accumulation": 1260, "cells_controlled": 5587, "pct_controlled": 0.4891437576606549, "controller_locs": [21797, 19238, 17667, 16508, 8836], "cells_per_catch": [1250, 1113, 1107, 1243, 874], "phi": 10}, "linear_k6_50pct_phi25": {"weighting": "linear", "num_controllers": 6, "max_accumulation": 1096, "cells_controlled": 5982, "pct_controlled": 0.5237261425319559, "controller_locs": [18007, 16322, 8836, 22809, 20263, 16339], "cells_per_catch": [1092, 1091, 874, 937, 1061, 927], "phi": 10}, "linear_k8_50pct_phi25": {"weighting": "linear", "num_controllers": 8, "max_accumulation": 850, "cells_controlled": 5875, "pct_controlled": 0.5143582559971984, "controller_locs": [9177, 23492, 20777, 19362, 17497, 16508, 15318, 19750], "cells_per_catch": [842, 826, 670, 705, 845, 800, 629, 558], "phi": 10}, "linear_k10_50pct_phi25": {"weighting": "linear", "num_controllers": 10, "max_accumulation": 650, "cells_controlled": 6031, "pct_controlled": 0.5280161092628262, "controller_locs": [15318, 21631, 23994, 20775, 18726, 10189, 19527, 17667, 16824, 16508], "cells_per_catch": [629, 603, 649, 648, 647, 505, 607, 500, 646, 597], "phi": 10}, "linear_k12_50pct_phi25": {"weighting": "linear", "num_controllers": 12, "max_accumulation": 525, "cells_controlled": 5911, "pct_controlled": 0.5175100682892664, "controller_locs": [10189, 22997, 5939, 15137, 2701, 19522, 18515, 17497, 4741, 23131, 22809, 8664], "cells_per_catch": [505, 523, 496, 523, 523, 515, 515, 520, 461, 503, 434, 393], "phi": 10}, "linear_k14_50pct_phi25": {"weighting": "linear", "num_controllers": 14, "max_accumulation": 485, "cells_controlled": 6053, "pct_controlled": 0.5299422167746454, "controller_locs": [10359, 6624, 2875, 17496, 4741, 23508, 8664, 14448, 8665, 23298, 22809, 20775, 19750, 19067], "cells_per_catch": [468, 480, 483, 440, 461, 418, 393, 403, 408, 481, 456, 360, 339, 463], "phi": 10}, "linear_k16_50pct_phi25": {"weighting": "linear", "num_controllers": 16, "max_accumulation": 406, "cells_controlled": 5828, "pct_controlled": 0.5102433899492208, "controller_locs": [10695, 8664, 14448, 9683, 4218, 23846, 3565, 11576, 20777, 19748, 23807, 24344, 22134, 18556, 7316, 19688], "cells_per_catch": [394, 393, 403, 396, 397, 394, 383, 341, 276, 288, 400, 401, 392, 405, 246, 319], "phi": 10}, "linear_k18_50pct_phi25": {"weighting": "linear", "num_controllers": 18, "max_accumulation": 373, "cells_controlled": 5845, "pct_controlled": 0.5117317457538084, "controller_locs": [8490, 11033, 11576, 3738, 4044, 14274, 24016, 20777, 19748, 19688, 19361, 18176, 15318, 17663, 17329, 16662, 16153, 7316], "cells_per_catch": [372, 351, 341, 372, 359, 371, 361, 309, 288, 319, 370, 360, 258, 255, 287, 269, 357, 246], "phi": 10}, "linear_k20_50pct_phi25": {"weighting": "linear", "num_controllers": 20, "max_accumulation": 336, "cells_controlled": 5816, "pct_controlled": 0.5091927858518648, "controller_locs": [8142, 11919, 11032, 4041, 19748, 13927, 15318, 19688, 19527, 19195, 4083, 17663, 16320, 24528, 21631, 7316, 5939, 6449, 2869, 9847], "cells_per_catch": [332, 329, 323, 315, 288, 313, 316, 319, 288, 332, 274, 255, 307, 283, 320, 246, 250, 242, 257, 227], "phi": 10}, "linear_k30_50pct_phi25": {"weighting": "linear", "num_controllers": 30, "max_accumulation": 224, "cells_controlled": 5957, "pct_controlled": 0.5215373839957976, "controller_locs": [12437, 17656, 17496, 10683, 10698, 20085, 7794, 9846, 8836, 3866, 4564, 6787, 19534, 10892, 8665, 13923, 14448, 15317, 22638, 16340, 13620, 15974, 3040, 25552, 23846, 21631, 4084, 3738, 20537, 19066], "cells_per_catch": [221, 219, 221, 218, 216, 223, 203, 222, 218, 217, 222, 210, 205, 178, 192, 202, 201, 197, 185, 169, 185, 181, 156, 179, 215, 209, 150, 222, 171, 150], "phi": 10}, "linear_k35_50pct_phi25": {"weighting": "linear", "num_controllers": 35, "max_accumulation": 192, "cells_controlled": 5992, "pct_controlled": 0.5246016459464192, "controller_locs": [7620, 10892, 6612, 8490, 9328, 19876, 22638, 16340, 13620, 13921, 14274, 15311, 17823, 15974, 12781, 11576, 25552, 24016, 22485, 20777, 3040, 10510, 11032, 10189, 8836, 20537, 4084, 19066, 19517, 19522, 19362, 18177, 6978, 20593, 19748], "cells_per_catch": [189, 178, 182, 183, 187, 187, 185, 169, 185, 188, 183, 169, 169, 181, 156, 185, 179, 182, 173, 136, 156, 146, 177, 182, 182, 171, 150, 150, 159, 185, 190, 191, 119, 148, 140], "phi": 10}}