{"linear_k1_50pct_phi100": {"weighting": "linear", "num_controllers": 1, "max_accumulation": 6000, "cells_controlled": 5995, "pct_controlled": 0.5248642969707582, "controller_locs": [15319], "cells_per_catch": [5995], "phi": 10}, "linear_k2_50pct_phi100": {"weighting": "linear", "num_controllers": 2, "max_accumulation": 3300, "cells_controlled": 6005, "pct_controlled": 0.5257398003852215, "controller_locs": [16679, 15320], "cells_per_catch": [2741, 3264], "phi": 10}, "linear_k3_50pct_phi100": {"weighting": "linear", "num_controllers": 3, "max_accumulation": 2100, "cells_controlled": 6005, "pct_controlled": 0.5257398003852215, "controller_locs": [19750, 16662, 15320], "cells_per_catch": [2054, 1860, 2091], "phi": 10}, "linear_k4_50pct_phi100": {"weighting": "linear", "num_controllers": 4, "max_accumulation": 1625, "cells_controlled": 5601, "pct_controlled": 0.4903694624409035, "controller_locs": [17329, 8665, 20775, 16679], "cells_per_catch": [1591, 1269, 1297, 1444], "phi": 10}, "linear_k5_50pct_phi100": {"weighting": "linear", "num_controllers": 5, "max_accumulation": 1260, "cells_controlled": 5587, "pct_controlled": 0.4891437576606549, "controller_locs": [21797, 19238, 17667, 16508, 8836], "cells_per_catch": [1250, 1113, 1107, 1243, 874], "phi": 10}, "linear_k6_50pct_phi100": {"weighting": "linear", "num_controllers": 6, "max_accumulation": 1096, "cells_controlled": 5982, "pct_controlled": 0.5237261425319559, "controller_locs": [18007, 16322, 8836, 22809, 20263, 16339], "cells_per_catch": [1092, 1091, 874, 937, 1061, 927], "phi": 10}, "linear_k8_50pct_phi100": {"weighting": "linear", "num_controllers": 8, "max_accumulation": 850, "cells_controlled": 5950, "pct_controlled": 0.5209245316056733, "controller_locs": [9177, 23492, 20777, 19362, 17497, 16508, 19750, 16339], "cells_per_catch": [842, 826, 670, 705, 845, 800, 558, 704], "phi": 10}, "linear_k10_50pct_phi100": {"weighting": "linear", "num_controllers": 10, "max_accumulation": 650, "cells_controlled": 6031, "pct_controlled": 0.5280161092628262, "controller_locs": [21631, 23994, 20775, 18726, 19527, 17667, 16824, 16508, 10189, 15318], "cells_per_catch": [603, 649, 648, 647, 607, 500, 646, 597, 505, 629], "phi": 10}, "linear_k12_50pct_phi100": {"weighting": "linear", "num_controllers": 12, "max_accumulation": 525, "cells_controlled": 5828, "pct_controlled": 0.5102433899492208, "controller_locs": [22997, 10189, 17496, 19522, 18515, 4741, 5939, 2701, 23131, 22809, 15137, 16662], "cells_per_catch": [523, 505, 440, 515, 515, 461, 496, 523, 503, 434, 523, 390], "phi": 10}, "linear_k14_50pct_phi100": {"weighting": "linear", "num_controllers": 14, "max_accumulation": 485, "cells_controlled": 6053, "pct_controlled": 0.5299422167746454, "controller_locs": [17496, 10359, 4741, 8836, 6624, 8665, 2875, 23508, 23298, 22809, 20775, 14448, 19750, 19067], "cells_per_catch": [440, 468, 461, 406, 480, 395, 483, 418, 481, 456, 360, 403, 339, 463], "phi": 10}, "linear_k16_50pct_phi100": {"weighting": "linear", "num_controllers": 16, "max_accumulation": 406, "cells_controlled": 5968, "pct_controlled": 0.5225004377517072, "controller_locs": [8664, 4218, 23846, 10695, 9683, 14448, 11576, 3565, 23807, 24344, 22134, 20777, 19748, 18556, 19688, 19362], "cells_per_catch": [393, 397, 394, 394, 396, 403, 341, 383, 400, 401, 392, 276, 288, 405, 319, 386], "phi": 10}, "linear_k18_50pct_phi100": {"weighting": "linear", "num_controllers": 18, "max_accumulation": 373, "cells_controlled": 5829, "pct_controlled": 0.5103309402906672, "controller_locs": [8490, 4044, 24016, 20777, 11033, 11576, 14274, 3738, 17663, 19748, 19688, 19361, 18176, 17329, 16662, 16153, 6449, 7316], "cells_per_catch": [372, 359, 361, 309, 351, 341, 371, 372, 255, 288, 319, 370, 360, 287, 269, 357, 242, 246], "phi": 10}, "linear_k20_50pct_phi100": {"weighting": "linear", "num_controllers": 20, "max_accumulation": 336, "cells_controlled": 5846, "pct_controlled": 0.5118192960952548, "controller_locs": [8142, 11919, 4041, 11032, 19748, 17663, 19688, 19527, 19195, 13927, 24528, 21631, 15318, 6449, 16320, 9847, 8836, 4742, 7316, 5939], "cells_per_catch": [332, 329, 315, 323, 288, 255, 319, 288, 332, 313, 283, 320, 316, 242, 307, 227, 324, 237, 246, 250], "phi": 10}, "linear_k30_50pct_phi100": {"weighting": "linear", "num_controllers": 30, "max_accumulation": 224, "cells_controlled": 6005, "pct_controlled": 0.5257398003852215, "controller_locs": [17656, 17496, 9846, 20085, 19534, 6787, 7794, 8664, 10892, 12437, 22638, 3866, 4564, 10683, 10698, 8665, 13923, 14448, 25552, 23846, 21631, 15317, 13620, 15974, 19517, 11576, 20537, 19522, 19195, 17329], "cells_per_catch": [219, 221, 222, 223, 205, 210, 203, 190, 178, 221, 185, 217, 222, 218, 216, 220, 202, 201, 179, 215, 209, 197, 185, 181, 159, 120, 171, 185, 219, 212], "phi": 10}, "linear_k35_50pct_phi100": {"weighting": "linear", "num_controllers": 35, "max_accumulation": 192, "cells_controlled": 5943, "pct_controlled": 0.520311679215549, "controller_locs": [10892, 22638, 19876, 7620, 8490, 6612, 9328, 17823, 25552, 24016, 22485, 13921, 14274, 13620, 15974, 20777, 19517, 17322, 17496, 20537, 19522, 19362, 18177, 17160, 16662, 16153, 16508, 15311, 16340, 20593, 19748, 12781, 11576, 19066, 10510], "cells_per_catch": [178, 185, 187, 189, 183, 182, 187, 169, 179, 182, 173, 188, 183, 185, 181, 136, 159, 148, 123, 171, 185, 190, 191, 184, 153, 176, 133, 169, 169, 148, 140, 156, 185, 150, 146], "phi": 10}}